id;cliente_id;valor;data
8615;586;0.2;2022-01-19 17:12:26 -0300
8613;586;0.2;2022-01-19 17:11:25 -0300
8611;586;0.2;2022-01-19 17:10:05 -0300
8606;910;300.0;2022-01-19 16:59:36 -0300
8604;76;100.0;2022-01-18 09:48:14 -0300
8603;76;100.0;2022-01-18 09:48:04 -0300
8602;76;100.0;2022-01-18 09:47:47 -0300
8601;76;100.0;2022-01-18 09:47:43 -0300
8600;76;100.0;2022-01-18 09:47:39 -0300
8599;76;100.0;2022-01-18 09:43:05 -0300
8598;76;100.0;2022-01-18 09:42:56 -0300
8597;76;100.0;2022-01-18 09:40:28 -0300
8596;76;100.0;2022-01-18 09:38:19 -0300
8595;76;100.0;2022-01-18 09:37:59 -0300
8594;76;100.0;2022-01-18 09:37:29 -0300
8593;76;100.0;2022-01-18 09:37:19 -0300
8592;907;10.0;2022-01-18 09:30:26 -0300
8591;907;10.0;2022-01-18 09:30:14 -0300
8590;907;10.0;2022-01-18 09:30:10 -0300
8589;907;10.0;2022-01-18 09:30:04 -0300
8586;907;10.0;2022-01-18 09:28:23 -0300
8532;370;50.0;2022-01-11 18:20:04 -0300
8529;909;8.0;2022-01-11 16:22:52 -0300
8512;671;2.0;2022-01-09 09:55:40 -0300
8509;671;1000.0;2022-01-09 09:53:19 -0300
8473;671;200.0;2022-01-05 14:42:58 -0300
8436;671;300.0;2021-12-31 14:17:21 -0300
8431;671;1000.0;2021-12-31 10:34:52 -0300
8420;370;50.0;2021-12-29 10:33:28 -0300
8403;671;1000.0;2021-12-22 15:56:41 -0300
8379;671;1000.0;2021-12-20 13:44:51 -0300
8372;671;200.0;2021-12-18 10:38:45 -0300
8333;671;50.0;2021-12-17 08:04:34 -0300
8282;671;1000.0;2021-12-12 14:38:55 -0300
8201;671;1000.0;2021-12-08 13:39:05 -0300
8196;370;50.0;2021-12-08 10:44:31 -0300
8194;74;20.0;2021-12-07 18:33:45 -0300
8150;671;1000.0;2021-12-05 15:43:28 -0300
8143;671;50.0;2021-12-05 10:30:35 -0300
8134;431;1100.0;2021-12-04 08:36:24 -0300
8124;671;80.0;2021-12-03 12:46:41 -0300
8096;671;1000.0;2021-11-30 13:12:09 -0300
8095;671;1.0;2021-11-30 13:00:35 -0300
8089;671;20.0;2021-11-30 07:05:28 -0300
8083;671;20.0;2021-11-29 07:49:19 -0300
8040;702;20.0;2021-11-27 14:10:04 -0300
8022;671;60.0;2021-11-25 10:38:16 -0300
8018;671;30.0;2021-11-24 21:20:10 -0300
8015;671;1000.0;2021-11-24 21:04:51 -0300
7945;671;10.0;2021-11-20 20:57:44 -0300
7942;671;10.0;2021-11-20 20:49:54 -0300
7937;671;1000.0;2021-11-20 18:58:33 -0300
7910;671;40.0;2021-11-19 20:01:51 -0300
7907;370;50.0;2021-11-19 17:07:48 -0300
7902;671;2.0;2021-11-19 15:55:33 -0300
7896;671;30.0;2021-11-19 12:33:57 -0300
7886;671;100.0;2021-11-18 15:17:44 -0300
7881;211;1.479;2021-11-17 20:23:49 -0300
7867;671;1000.0;2021-11-17 18:24:38 -0300
7827;671;100.0;2021-11-17 06:59:43 -0300
7796;671;100.0;2021-11-15 15:29:58 -0300
7766;671;1000.0;2021-11-13 00:16:55 -0300
7756;732;7.751999999999999;2021-11-10 22:31:33 -0300
7733;671;110.0;2021-11-10 06:57:24 -0300
7710;732;29.0;2021-11-09 17:48:17 -0300
7706;732;20.0;2021-11-09 09:37:41 -0300
7679;671;1000.0;2021-11-08 19:54:34 -0300
7674;732;103.0000000000001;2021-11-08 19:43:40 -0300
7648;732;50.2421233842;2021-11-08 00:32:51 -0300
7643;732;5.0;2021-11-07 16:32:27 -0300
7639;671;600.0;2021-11-07 15:43:49 -0300
7614;732;40.0;2021-11-07 12:02:34 -0300
7592;211;417.452952;2021-11-07 00:06:42 -0300
7591;732;48.84040799999998;2021-11-07 00:06:38 -0300
7585;211;7.853999999999999;2021-11-06 17:23:54 -0300
7579;732;3.0;2021-11-06 16:19:58 -0300
7578;732;2.0;2021-11-06 16:14:05 -0300
7571;732;12.0;2021-11-06 14:06:22 -0300
7566;211;50.0;2021-11-06 12:35:54 -0300
7563;732;10.0;2021-11-06 12:13:41 -0300
7544;732;25.0;2021-11-06 00:15:54 -0300
7542;732;3.0;2021-11-05 20:16:28 -0300
7541;732;27.0;2021-11-05 19:03:53 -0300
7539;732;27.0;2021-11-05 18:04:56 -0300
7516;732;15.0;2021-11-05 12:07:52 -0300
7515;732;11.0;2021-11-05 12:07:52 -0300
7514;732;12.0;2021-11-05 12:07:51 -0300
7507;732;7.0;2021-11-04 23:49:36 -0300
7506;732;7.0;2021-11-04 23:49:31 -0300
7492;732;20.0;2021-11-04 22:59:26 -0300
7486;732;20.0;2021-11-04 19:51:20 -0300
7482;370;50.0;2021-11-04 16:11:26 -0300
7478;671;500.0;2021-11-04 12:57:04 -0300
7470;730;10.0;2021-11-04 12:11:26 -0300
7457;732;60.0;2021-11-04 04:56:40 -0300
7445;732;64.89112499999999;2021-11-03 23:19:26 -0300
7439;732;35.0;2021-11-03 20:58:45 -0300
7434;730;2.0;2021-11-03 19:41:06 -0300
7419;671;55.0;2021-11-03 16:49:17 -0300
7411;730;10.0;2021-11-03 15:46:48 -0300
7408;730;5.0;2021-11-03 15:38:34 -0300
7407;730;5.0;2021-11-03 15:38:27 -0300
7387;732;78.0;2021-11-03 11:03:45 -0300
7376;732;20.0;2021-11-03 08:35:26 -0300
7373;732;45.0;2021-11-03 03:17:44 -0300
7360;732;32.5;2021-11-02 18:58:26 -0300
7353;671;600.0;2021-11-02 13:36:28 -0300
7340;732;36.0;2021-11-02 11:49:51 -0300
7338;732;20.0;2021-11-02 11:16:43 -0300
7327;732;26.0;2021-11-02 10:58:34 -0300
7322;732;16.5;2021-11-01 23:29:50 -0300
7299;732;39.0;2021-11-01 17:18:01 -0300
7296;732;16.5;2021-11-01 16:30:12 -0300
7284;732;30.0;2021-11-01 13:42:41 -0300
7276;732;20.0;2021-11-01 09:24:48 -0300
7271;732;30.0;2021-10-31 20:03:51 -0300
7269;730;400.0;2021-10-31 19:47:40 -0300
7267;730;2.0;2021-10-31 18:35:04 -0300
7263;671;50.0;2021-10-31 17:54:47 -0300
7243;732;35.0;2021-10-31 14:50:39 -0300
7222;671;500.0;2021-10-30 20:24:18 -0300
7212;732;100.30000000000011;2021-10-30 17:14:04 -0300
7177;730;2.0;2021-10-29 20:42:13 -0300
7170;732;2.0;2021-10-29 19:16:57 -0300
7169;732;5.0;2021-10-29 19:16:54 -0300
7168;732;2.0;2021-10-29 19:16:50 -0300
7167;732;5.0;2021-10-29 19:16:46 -0300
7156;732;44.88;2021-10-29 17:56:12 -0300
7179;732;50.0;2021-10-29 11:27:21 -0300
7149;732;33.0;2021-10-28 21:17:07 -0300
7140;732;28.018732728729606;2021-10-28 17:15:59 -0300
7130;827;20.0;2021-10-28 11:59:06 -0300
7124;732;80.0;2021-10-28 07:46:22 -0300
7120;737;12.25;2021-10-27 21:27:52 -0300
7111;730;2.0;2021-10-27 20:07:13 -0300
7099;732;50.0;2021-10-27 18:37:27 -0300
7093;732;5.0;2021-10-27 16:48:31 -0300
7092;732;5.0;2021-10-27 16:48:22 -0300
7091;732;29.834999999999997;2021-10-27 16:46:15 -0300
7081;732;22.4;2021-10-27 14:17:28 -0300
7074;732;13.26;2021-10-27 12:20:49 -0300
7071;732;40.0;2021-10-27 10:30:05 -0300
7057;732;76.366993342464;2021-10-27 01:42:56 -0300
7038;732;16.0;2021-10-26 17:52:48 -0300
7032;732;30.0;2021-10-26 14:21:53 -0300
7023;732;20.0;2021-10-26 10:42:22 -0300
7021;732;9.520000000000001;2021-10-25 23:39:05 -0300
7006;732;50.0;2021-10-25 22:18:02 -0300
6992;732;25.391999999999996;2021-10-25 15:37:38 -0300
6970;737;6.0;2021-10-24 20:15:41 -0300
6969;730;2.0;2021-10-24 19:42:05 -0300
6964;730;3.0;2021-10-24 18:50:27 -0300
6961;732;6.65;2021-10-24 18:24:05 -0300
6960;737;6.4;2021-10-24 18:24:04 -0300
6948;732;30.9375;2021-10-24 15:18:13 -0300
6947;732;104.434407;2021-10-24 14:52:06 -0300
6941;732;26.25;2021-10-24 14:25:13 -0300
6929;732;28.125;2021-10-24 10:14:25 -0300
6928;732;20.0;2021-10-24 10:04:17 -0300
6913;732;60.0;2021-10-24 04:47:16 -0300
6905;732;13.148;2021-10-23 22:17:15 -0300
6892;732;101.90000000000005;2021-10-23 17:32:26 -0300
6886;730;2.0;2021-10-23 14:22:40 -0300
6875;732;9.530399999999998;2021-10-23 13:14:46 -0300
6874;732;10.064000000000002;2021-10-23 13:14:46 -0300
6870;732;60.0;2021-10-23 12:40:48 -0300
6866;671;1000.0;2021-10-23 11:03:59 -0300
6861;732;20.0;2021-10-23 10:35:06 -0300
6833;732;100.0;2021-10-22 10:51:12 -0300
6817;732;100.0;2021-10-21 16:31:28 -0300
6805;732;100.0;2021-10-21 12:30:59 -0300
6802;732;20.0;2021-10-21 00:58:01 -0300
6799;732;40.0;2021-10-20 23:44:41 -0300
6795;730;50.0;2021-10-20 20:18:59 -0300
6788;730;400.0;2021-10-20 19:34:09 -0300
6778;730;2.0;2021-10-20 18:28:46 -0300
6774;730;2.0;2021-10-20 18:25:34 -0300
6772;671;400.0;2021-10-20 18:16:47 -0300
6769;732;20.0;2021-10-20 17:43:29 -0300
6756;211;26.0;2021-10-20 13:19:46 -0300
6710;732;74.1132;2021-10-20 00:02:53 -0300
6707;730;2.0;2021-10-19 21:14:11 -0300
6697;730;2.0;2021-10-19 17:38:26 -0300
6694;730;10.0;2021-10-19 16:28:22 -0300
6693;730;2.0;2021-10-19 16:27:03 -0300
6689;732;20.0;2021-10-19 15:39:59 -0300
6685;732;30.0;2021-10-19 13:22:56 -0300
6676;730;10.0;2021-10-18 19:43:48 -0300
6663;730;2.0;2021-10-18 17:59:58 -0300
6662;732;60.0;2021-10-18 17:46:24 -0300
6656;732;20.0;2021-10-18 11:55:26 -0300
6653;732;50.0;2021-10-17 19:04:06 -0300
6621;732;23.104;2021-10-17 12:36:54 -0300
6620;730;2.0;2021-10-17 12:25:02 -0300
6604;730;2.0;2021-10-16 18:49:50 -0300
6608;732;20.0;2021-10-16 18:27:13 -0300
6601;730;20.0;2021-10-16 18:11:35 -0300
6591;730;2.0;2021-10-16 17:17:20 -0300
6609;732;20.0;2021-10-16 16:48:23 -0300
6584;671;500.0;2021-10-16 12:26:12 -0300
6579;732;20.0;2021-10-16 08:16:57 -0300
6575;732;70.0;2021-10-15 23:48:02 -0300
6543;732;138.69;2021-10-14 23:38:46 -0300
6537;737;10.0;2021-10-14 20:57:52 -0300
6527;730;2.0;2021-10-14 17:09:40 -0300
6525;730;2.0;2021-10-14 17:03:47 -0300
6522;730;30.0;2021-10-14 16:52:39 -0300
6517;732;103.00000000000026;2021-10-14 15:26:43 -0300
6516;730;2.0;2021-10-14 13:17:58 -0300
6511;370;50.0;2021-10-14 12:27:07 -0300
6502;732;400.7172960000001;2021-10-14 01:18:47 -0300
6500;730;2.0;2021-10-13 22:30:57 -0300
6497;737;12.5;2021-10-13 20:55:26 -0300
6495;730;2.0;2021-10-13 20:48:30 -0300
6474;732;60.0;2021-10-13 16:15:46 -0300
6446;732;43.2;2021-10-12 17:58:26 -0300
6444;730;2.0;2021-10-12 17:51:36 -0300
6441;732;34.944799999999994;2021-10-12 17:20:10 -0300
6438;730;2.0;2021-10-12 16:56:41 -0300
6430;732;70.19999999999999;2021-10-12 15:27:52 -0300
6411;732;33.495;2021-10-12 13:27:21 -0300
6398;732;20.0;2021-10-12 01:41:59 -0300
6393;730;2.0;2021-10-11 19:18:56 -0300
6384;737;8.0;2021-10-10 21:13:53 -0300
6381;737;18.75;2021-10-10 18:18:40 -0300
6380;737;13.75;2021-10-10 18:18:39 -0300
6373;211;10.0;2021-10-10 15:34:45 -0300
6357;732;20.0;2021-10-10 13:20:30 -0300
6347;737;12.25;2021-10-09 21:07:20 -0300
6330;671;700.0;2021-10-09 13:23:55 -0300
6311;732;30.0;2021-10-08 02:44:35 -0300
6300;730;2.0;2021-10-07 15:05:31 -0300
6288;211;10.0;2021-10-07 13:18:36 -0300
6283;730;2.0;2021-10-07 01:59:58 -0300
6276;730;2.0;2021-10-06 21:07:33 -0300
6274;730;2.0;2021-10-06 21:02:40 -0300
6269;730;2.0;2021-10-06 18:55:05 -0300
6268;730;2.0;2021-10-06 18:54:34 -0300
6260;730;2.0;2021-10-06 18:33:07 -0300
6254;730;2.0;2021-10-06 18:10:20 -0300
6253;730;2.0;2021-10-06 18:10:02 -0300
6251;730;2.0;2021-10-06 18:07:56 -0300
6248;730;2.0;2021-10-06 18:00:46 -0300
6247;730;2.0;2021-10-06 18:00:16 -0300
6246;730;2.0;2021-10-06 17:59:54 -0300
6214;732;52.199999999999996;2021-10-05 23:27:45 -0300
6202;715;58.0;2021-10-05 19:45:18 -0300
6197;671;300.0;2021-10-05 19:21:14 -0300
6196;205;17.863999999999997;2021-10-05 16:57:32 -0300
6195;205;75.075;2021-10-05 16:52:13 -0300
6185;730;2.0;2021-10-05 01:58:10 -0300
6183;730;2.0;2021-10-05 01:44:24 -0300
6163;211;25.0;2021-10-04 21:59:41 -0300
6161;205;50.0;2021-10-04 21:59:11 -0300
6155;732;20.0;2021-10-04 20:41:21 -0300
6148;730;2.0;2021-10-04 19:54:18 -0300
6111;730;3.0;2021-10-03 19:40:29 -0300
6095;715;40.0;2021-10-03 16:12:55 -0300
6090;732;153.704352643072;2021-10-03 15:25:25 -0300
6074;732;30.0;2021-10-03 10:42:39 -0300
6067;205;63.39059999999999;2021-10-02 23:09:31 -0300
6064;732;20.0;2021-10-02 21:35:35 -0300
6055;730;2.0;2021-10-02 20:16:52 -0300
6052;730;2.0;2021-10-02 19:41:31 -0300
6032;586;20.0;2021-10-02 15:02:18 -0300
6013;732;110.08000000000001;2021-10-01 22:54:35 -0300
6010;730;3.0;2021-10-01 19:51:33 -0300
6002;730;500.0;2021-10-01 14:54:15 -0300
5995;695;208.68860249999997;2021-09-30 23:27:08 -0300
5991;211;10.0;2021-09-30 18:49:38 -0300
5986;730;2.0;2021-09-30 18:22:37 -0300
5984;730;2.0;2021-09-30 18:14:01 -0300
5980;730;2.0;2021-09-30 17:52:10 -0300
5952;211;10.0;2021-09-30 00:51:10 -0300
5950;205;78.74999999999989;2021-09-30 00:50:51 -0300
5940;732;98.27153279999999;2021-09-29 23:45:05 -0300
5939;732;112.94808210000001;2021-09-29 23:25:04 -0300
5935;211;10.0;2021-09-29 21:19:37 -0300
5931;695;10.0;2021-09-29 19:46:56 -0300
5922;741;20.0;2021-09-29 18:41:46 -0300
5920;730;2.0;2021-09-29 18:23:30 -0300
5918;730;2.0;2021-09-29 18:15:13 -0300
5916;730;10.0;2021-09-29 17:51:01 -0300
5907;211;6.017999999999997;2021-09-29 16:25:47 -0300
5901;211;10.0;2021-09-29 16:05:49 -0300
5891;732;20.0;2021-09-29 13:55:45 -0300
5887;732;20.0;2021-09-29 09:34:10 -0300
5879;205;50.0;2021-09-28 20:06:31 -0300
5874;730;2.0;2021-09-28 18:59:47 -0300
5868;730;30.0;2021-09-28 18:35:38 -0300
5866;730;2.0;2021-09-28 18:34:01 -0300
5863;730;2.0;2021-09-28 18:22:48 -0300
5858;730;10.0;2021-09-28 18:08:20 -0300
5857;730;3.0;2021-09-28 18:08:11 -0300
5855;211;13.0;2021-09-28 18:06:10 -0300
5853;737;29.0;2021-09-28 17:57:02 -0300
5847;730;3.0;2021-09-28 13:34:17 -0300
5846;730;2.0;2021-09-28 13:33:37 -0300
5843;730;5.0;2021-09-28 12:58:53 -0300
5841;730;4.0;2021-09-28 12:52:58 -0300
5822;211;20.0;2021-09-28 09:12:33 -0300
5812;730;2.0;2021-09-27 16:36:37 -0300
5811;732;20.0;2021-09-27 16:15:12 -0300
5809;730;2.0;2021-09-27 15:33:47 -0300
5754;732;63.495509999999996;2021-09-26 22:18:32 -0300
5751;730;2.0;2021-09-26 18:48:53 -0300
5746;730;2.0;2021-09-26 17:28:48 -0300
5740;732;20.0;2021-09-26 15:31:52 -0300
5736;730;2.0;2021-09-26 12:17:48 -0300
5733;730;4.0;2021-09-26 11:57:26 -0300
5731;730;4.0;2021-09-26 11:36:15 -0300
5728;730;2.0;2021-09-26 11:24:06 -0300
5727;730;2.0;2021-09-26 11:23:33 -0300
5724;730;2.0;2021-09-26 11:08:10 -0300
5716;732;20.0;2021-09-26 10:12:14 -0300
5714;737;6.0;2021-09-26 10:02:50 -0300
5713;737;20.0;2021-09-26 10:02:50 -0300
5700;732;20.0;2021-09-25 21:49:53 -0300
5699;737;14.5;2021-09-25 21:13:32 -0300
5697;731;100.0;2021-09-25 20:30:34 -0300
5694;730;2.0;2021-09-25 20:27:05 -0300
5677;730;3.0;2021-09-25 16:31:42 -0300
5675;730;2.0;2021-09-25 15:50:11 -0300
5672;732;20.0;2021-09-25 14:55:17 -0300
5662;730;5.0;2021-09-25 12:24:03 -0300
5655;732;20.0;2021-09-25 10:26:03 -0300
5631;732;25.272;2021-09-25 00:17:17 -0300
5626;732;20.0;2021-09-24 22:08:15 -0300
5613;732;50.0;2021-09-24 21:05:22 -0300
5611;737;10.8;2021-09-24 20:28:50 -0300
5610;741;8.36;2021-09-24 20:01:25 -0300
5604;741;10.0;2021-09-24 18:17:11 -0300
5598;730;5.0;2021-09-24 17:52:19 -0300
5596;730;2.0;2021-09-24 17:30:37 -0300
5591;732;30.0;2021-09-24 16:30:58 -0300
5580;741;22.0;2021-09-24 09:46:12 -0300
5563;737;6.8;2021-09-23 23:27:18 -0300
5557;730;5.0;2021-09-23 22:35:08 -0300
5545;737;10.0;2021-09-23 21:00:59 -0300
5538;730;20.0;2021-09-23 18:47:19 -0300
5537;730;5.0;2021-09-23 18:43:30 -0300
5527;730;2.0;2021-09-23 16:51:22 -0300
5523;370;50.0;2021-09-23 15:58:53 -0300
5517;732;63.172799999999995;2021-09-23 14:54:50 -0300
5516;732;31.195;2021-09-23 14:54:50 -0300
5499;741;30.0;2021-09-23 13:24:39 -0300
5493;737;110.0;2021-09-23 12:14:05 -0300
5490;732;77.9328;2021-09-23 11:53:06 -0300
5475;732;25.0;2021-09-23 00:13:24 -0300
5429;586;10.0;2021-09-22 20:49:03 -0300
5421;732;17.55;2021-09-22 19:11:14 -0300
5420;732;7.0200000000000005;2021-09-22 19:11:14 -0300
5415;732;1.02;2021-09-22 17:02:37 -0300
5409;730;5.0;2021-09-22 15:23:37 -0300
5399;732;20.0;2021-09-22 12:48:36 -0300
5387;737;10.0;2021-09-21 20:16:52 -0300
5386;737;6.0;2021-09-21 20:16:52 -0300
5381;730;2.0;2021-09-21 18:12:12 -0300
5372;737;6.0;2021-09-21 15:55:27 -0300
5371;737;12.0;2021-09-21 15:55:27 -0300
5370;737;6.0;2021-09-21 15:55:27 -0300
5369;730;2.0;2021-09-21 15:48:46 -0300
5364;730;20.0;2021-09-21 13:01:42 -0300
5361;730;10.0;2021-09-21 04:02:04 -0300
5351;730;20.0;2021-09-20 14:12:31 -0300
5349;730;497.0;2021-09-20 14:00:41 -0300
5348;730;2.0;2021-09-20 12:54:36 -0300
5346;730;2.0;2021-09-20 12:46:12 -0300
5327;730;10.0;2021-09-19 13:08:21 -0300
5314;737;9.0;2021-09-18 20:46:50 -0300
5313;737;4.0;2021-09-18 20:46:50 -0300
5311;737;8.0;2021-09-18 19:16:15 -0300
5298;737;20.0;2021-09-18 09:13:54 -0300
5289;730;2.0;2021-09-16 19:05:11 -0300
5245;702;4.641;2021-09-11 12:41:13 -0300
5244;370;30.0;2021-09-11 11:04:35 -0300
5229;730;2.0;2021-09-10 18:48:52 -0300
5224;730;2.0;2021-09-10 18:02:10 -0300
5222;730;2.0;2021-09-10 17:54:11 -0300
5216;74;2.28;2021-09-09 22:09:33 -0300
5215;74;2.06;2021-09-09 21:54:54 -0300
5211;74;2.28;2021-09-09 18:57:42 -0300
5174;702;33.6;2021-09-07 23:28:20 -0300
5172;730;5.0;2021-09-07 20:09:11 -0300
5133;730;2.0;2021-09-05 18:25:02 -0300
5117;702;43.537549950000006;2021-09-05 00:17:14 -0300
5104;702;14.228999999999976;2021-09-04 16:33:06 -0300
5099;731;100.0;2021-09-03 19:26:18 -0300
5066;702;20.0;2021-09-01 13:52:37 -0300
5062;74;2.6;2021-08-31 23:46:33 -0300
5053;730;2.0;2021-08-30 18:49:40 -0300
5044;730;2.0;2021-08-30 15:53:15 -0300
5041;730;500.0;2021-08-29 21:32:25 -0300
5037;727;30.0;2021-08-29 12:52:13 -0300
5028;727;20.0;2021-08-28 13:55:52 -0300
5024;702;20.0;2021-08-28 12:56:42 -0300
4976;695;50.0;2021-08-24 16:52:11 -0300
4963;702;20.0;2021-08-23 15:38:50 -0300
4946;370;104.0;2021-08-21 10:38:09 -0300
4934;724;20.0;2021-08-19 21:07:01 -0300
4910;695;50.0;2021-08-18 10:22:21 -0300
4908;702;73.21549375;2021-08-18 01:07:31 -0300
4880;702;65.96831916674999;2021-08-14 15:32:54 -0300
4871;702;20.0;2021-08-12 15:36:47 -0300
4861;695;50.0;2021-08-08 14:49:47 -0300
4850;695;50.0;2021-08-02 18:18:21 -0300
4831;205;22.378604976;2021-07-29 21:54:31 -0300
4813;719;100.0;2021-07-29 01:32:09 -0300
4812;205;27.897360659999997;2021-07-28 23:28:39 -0300
4811;205;53.782399999999996;2021-07-28 23:08:44 -0300
4810;205;60.75;2021-07-28 23:08:44 -0300
4801;718;1000.0;2021-07-28 20:19:32 -0300
4793;205;82.8657792;2021-07-28 17:16:18 -0300
4750;370;50.0;2021-07-28 10:56:27 -0300
4748;205;44.0;2021-07-28 10:35:31 -0300
4747;205;29.339999999999996;2021-07-28 10:35:31 -0300
4714;44;2.5;2021-07-26 22:01:08 -0300
4713;689;122.0;2021-07-26 20:02:07 -0300
4695;205;31.626125999999996;2021-07-25 18:10:30 -0300
4683;695;70.0;2021-07-25 11:49:26 -0300
4664;205;98.0;2021-07-24 23:02:23 -0300
4647;205;56.25;2021-07-24 06:05:46 -0300
4643;205;84.89999999999993;2021-07-24 02:35:03 -0300
4628;205;47.599999999999994;2021-07-23 19:10:54 -0300
4627;205;26.4384;2021-07-23 19:10:54 -0300
4620;205;80.256;2021-07-22 23:39:52 -0300
4604;389;10.0;2021-07-21 21:50:42 -0300
4599;205;100.0;2021-07-21 20:59:10 -0300
4587;205;59.23125;2021-07-19 01:11:13 -0300
4581;205;85.8;2021-07-18 22:31:38 -0300
4554;205;40.10999999999999;2021-07-17 21:27:02 -0300
4544;205;48.0654;2021-07-17 15:34:30 -0300
4540;205;7.936500000000002;2021-07-17 15:18:32 -0300
4536;702;20.0;2021-07-17 13:26:04 -0300
4527;205;100.0;2021-07-17 12:05:56 -0300
4503;205;60.29999999999988;2021-07-16 19:11:03 -0300
4501;695;50.0;2021-07-16 18:43:04 -0300
4464;205;52.92000000000001;2021-07-14 23:29:23 -0300
4424;702;20.0;2021-07-13 13:18:56 -0300
4419;695;30.0;2021-07-12 18:00:35 -0300
4408;690;5.1;2021-07-11 19:11:57 -0300
4385;690;100.1;2021-07-10 20:08:21 -0300
4368;690;150.0;2021-07-10 18:06:53 -0300
4357;690;100.0;2021-07-10 17:51:44 -0300
4355;431;1100.0;2021-07-10 17:34:23 -0300
4350;695;50.0;2021-07-10 14:40:18 -0300
4337;690;100.0;2021-07-10 09:50:53 -0300
4327;690;50.0;2021-07-09 18:19:38 -0300
4322;690;100.0;2021-07-09 13:37:40 -0300
4309;690;100.0;2021-07-09 09:49:36 -0300
4296;690;100.0;2021-07-08 16:24:53 -0300
4280;370;50.0;2021-07-07 22:53:08 -0300
4278;690;100.0;2021-07-07 22:52:28 -0300
4253;690;100.0;2021-07-06 18:12:56 -0300
4246;695;50.0;2021-07-06 14:46:41 -0300
4241;690;101.6;2021-07-06 14:05:06 -0300
4231;690;70.0;2021-07-06 09:58:06 -0300
4229;689;2.0;2021-07-06 09:55:18 -0300
4218;690;50.0;2021-07-05 18:35:52 -0300
4206;690;100.0;2021-07-05 15:34:32 -0300
4196;690;75.0;2021-07-05 09:39:05 -0300
4174;690;100.0;2021-07-04 12:33:35 -0300
4171;431;1100.0;2021-07-04 11:25:05 -0300
4160;690;100.0;2021-07-04 07:59:56 -0300
4147;702;20.0;2021-07-03 17:54:53 -0300
4142;690;50.0;2021-07-03 14:18:27 -0300
4127;695;50.0;2021-07-03 13:06:08 -0300
4125;690;100.0;2021-07-03 11:52:26 -0300
4113;690;100.0;2021-07-03 10:13:00 -0300
4105;690;70.0;2021-07-02 17:40:26 -0300
4094;690;100.0;2021-07-02 12:25:29 -0300
4078;690;100.7;2021-07-02 08:35:28 -0300
4055;690;150.0;2021-07-01 11:05:38 -0300
3945;690;1706.25;2021-06-28 19:11:03 -0300
3899;690;110.8;2021-06-27 10:54:51 -0300
3885;690;70.0;2021-06-26 18:52:46 -0300
3883;690;510.0;2021-06-26 18:12:58 -0300
3881;690;100.0;2021-06-26 15:32:49 -0300
3879;690;5.0;2021-06-26 15:10:44 -0300
3878;690;5.0;2021-06-26 15:10:14 -0300
3877;690;20.0;2021-06-26 15:09:41 -0300
3867;690;100.0;2021-06-26 09:57:32 -0300
3862;695;100.0;2021-06-25 20:01:46 -0300
3856;690;20.0;2021-06-25 14:39:22 -0300
3855;690;20.0;2021-06-25 14:39:03 -0300
3850;690;5.0;2021-06-25 09:57:29 -0300
3849;690;5.0;2021-06-25 09:57:02 -0300
3848;690;20.0;2021-06-25 09:55:41 -0300
3847;690;20.0;2021-06-25 09:55:14 -0300
3835;690;50.0;2021-06-24 13:41:02 -0300
3823;690;5.0;2021-06-24 10:59:58 -0300
3822;690;5.0;2021-06-24 10:59:34 -0300
3821;690;50.0;2021-06-24 10:58:51 -0300
3817;690;5.0;2021-06-24 10:20:32 -0300
3816;690;5.0;2021-06-24 10:19:41 -0300
3815;690;20.0;2021-06-24 09:59:53 -0300
3809;690;50.0;2021-06-24 09:47:01 -0300
3787;690;50.0;2021-06-23 12:46:29 -0300
3782;690;20.0;2021-06-23 10:29:50 -0300
3781;690;50.0;2021-06-23 10:28:41 -0300
3774;370;50.0;2021-06-22 11:41:25 -0300
3769;690;100.0;2021-06-22 11:30:39 -0300
3757;690;50.0;2021-06-21 17:14:44 -0300
3753;690;50.0;2021-06-21 10:59:32 -0300
3732;690;50.0;2021-06-19 14:35:44 -0300
3725;690;20.0;2021-06-19 09:32:10 -0300
3724;690;20.0;2021-06-19 09:31:24 -0300
3719;4;17.2575;2021-06-17 21:09:30 -0300
3713;387;10.0;2021-06-17 18:09:44 -0300
3701;690;100.0;2021-06-17 15:51:31 -0300
3697;690;18.36;2021-06-17 15:15:10 -0300
3696;690;20.0;2021-06-17 14:37:29 -0300
3695;690;5.0;2021-06-17 14:36:46 -0300
3694;690;5.0;2021-06-17 14:35:00 -0300
3680;387;5.0;2021-06-15 21:01:31 -0300
3672;387;20.0;2021-06-15 17:33:57 -0300
3666;690;10.0;2021-06-15 11:27:54 -0300
3665;690;10.0;2021-06-15 11:26:22 -0300
3664;690;20.0;2021-06-15 11:21:52 -0300
3663;690;10.0;2021-06-15 11:11:36 -0300
3662;690;10.0;2021-06-15 11:09:50 -0300
3661;431;2.0;2021-06-15 10:41:24 -0300
3652;694;50.0;2021-06-14 20:09:10 -0300
3644;695;10.0;2021-06-14 18:27:28 -0300
3643;695;10.0;2021-06-14 18:26:35 -0300
3642;690;10.0;2021-06-14 17:47:34 -0300
3641;690;10.0;2021-06-14 17:44:41 -0300
3640;690;20.0;2021-06-14 17:43:34 -0300
3639;690;10.0;2021-06-14 17:42:45 -0300
3636;694;200.0;2021-06-14 17:04:36 -0300
3630;690;20.0;2021-06-14 14:16:51 -0300
3629;690;20.0;2021-06-14 14:15:47 -0300
3628;690;10.0;2021-06-14 14:14:14 -0300
3623;387;20.0;2021-06-13 13:11:31 -0300
3606;690;50.0;2021-06-12 19:12:44 -0300
3605;690;50.0;2021-06-12 19:10:53 -0300
3593;690;100.0;2021-06-12 14:38:01 -0300
3583;685;5.0;2021-06-11 13:19:49 -0300
3582;685;5.0;2021-06-11 13:16:54 -0300
3580;685;5.0;2021-06-11 13:07:58 -0300
3579;689;1000.0;2021-06-11 12:59:06 -0300
3576;387;5.0;2021-06-10 18:53:45 -0300
3575;73;5.0;2021-06-10 13:14:15 -0300
3571;387;20.0;2021-06-09 17:59:57 -0300
3568;442;5.0;2021-06-09 08:06:14 -0300
3565;370;50.0;2021-06-08 13:13:38 -0300
3563;685;5.0;2021-06-07 09:02:25 -0300
3558;680;2000.0;2021-06-03 21:50:27 -0300
3556;205;120.0;2021-06-02 18:47:39 -0300
3555;205;20.0;2021-06-02 18:46:16 -0300
3553;205;10.0;2021-06-02 18:45:26 -0300
3552;74;100.0;2021-06-02 14:45:37 -0300
3545;660;7.65;2021-05-22 23:05:20 -0300
3544;663;20.0;2021-05-22 22:21:17 -0300
3543;660;9.899999999999999;2021-05-22 19:12:38 -0300
3538;660;20.0;2021-05-22 13:42:53 -0300
3533;431;100.0;2021-05-22 10:48:15 -0300
3516;660;20.0;2021-05-20 14:39:21 -0300
3501;211;314.89649999999995;2021-05-18 23:25:49 -0300
3487;211;25.0;2021-05-18 13:41:05 -0300
3483;370;50.0;2021-05-15 17:23:49 -0300
3480;657;20.0;2021-05-12 11:30:15 -0300
3468;74;11.858112;2021-05-08 00:09:57 -0300
3465;651;16.0;2021-05-07 20:03:49 -0300
3455;586;30.0;2021-05-07 11:26:39 -0300
3449;74;2.0;2021-05-02 17:30:36 -0300
3440;74;10.0;2021-04-30 18:20:20 -0300
3439;371;30.0;2021-04-30 05:07:25 -0300
3433;586;24.0;2021-04-27 17:54:39 -0300
3428;370;50.0;2021-04-22 11:06:21 -0300
3426;74;10.0;2021-04-21 16:36:20 -0300
3424;74;100.0;2021-04-14 11:19:52 -0300
3412;74;14.4;2021-04-08 23:34:13 -0300
3410;74;100.0;2021-04-08 21:07:50 -0300
3408;74;129.0;2021-04-08 19:56:46 -0300
3402;586;4.437;2021-04-06 19:12:48 -0300
3384;643;35.64;2021-03-31 23:03:35 -0300
3373;643;35.9;2021-03-30 14:02:42 -0300
3371;586;25.0;2021-03-30 13:16:03 -0300
3370;370;50.0;2021-03-30 12:50:49 -0300
3357;370;50.0;2021-03-16 17:20:28 -0300
3312;586;10.0;2021-03-03 20:00:33 -0300
3307;586;20.0;2021-03-03 18:52:10 -0300
3294;586;20.0;2021-03-02 18:48:46 -0300
3284;586;10.0;2021-02-27 18:49:11 -0300
3282;586;2.04;2021-02-27 12:38:02 -0300
3273;586;20.0;2021-02-25 18:33:24 -0300
3271;586;20.0;2021-02-25 13:24:07 -0300
3270;431;1100.0;2021-02-24 18:25:28 -0300
3269;370;50.0;2021-02-24 18:23:05 -0300
3257;370;50.0;2021-02-11 11:22:28 -0300
3212;370;50.0;2021-02-01 19:22:08 -0300
3210;576;30.0;2021-01-30 18:56:05 -0300
3209;533;5.001;2021-01-29 21:31:55 -0300
3208;533;24.999000000000002;2021-01-29 21:31:55 -0300
3196;533;24.999000000000002;2021-01-29 20:55:58 -0300
3195;533;2.5005;2021-01-29 20:55:58 -0300
3194;533;2.5005;2021-01-29 20:55:58 -0300
3179;533;5.001;2021-01-29 12:15:38 -0300
3178;533;24.999000000000002;2021-01-29 12:15:38 -0300
3164;533;24.999000000000002;2021-01-29 11:43:24 -0300
3163;533;5.001;2021-01-29 11:43:24 -0300
3146;533;24.999000000000002;2021-01-28 21:59:26 -0300
3145;533;5.001;2021-01-28 21:59:26 -0300
3133;533;24.999000000000002;2021-01-28 21:24:36 -0300
3132;533;5.001;2021-01-28 21:24:36 -0300
3120;533;5.001;2021-01-28 20:46:47 -0300
3119;533;24.999000000000002;2021-01-28 20:46:47 -0300
3108;533;5.001;2021-01-28 10:47:37 -0300
3107;533;12.499500000000001;2021-01-28 10:47:36 -0300
3106;533;12.499500000000001;2021-01-28 10:47:36 -0300
3092;533;24.999000000000002;2021-01-28 10:02:57 -0300
3091;533;5.001;2021-01-28 10:02:57 -0300
3079;533;24.999000000000002;2021-01-23 09:44:31 -0300
3078;533;5.001;2021-01-23 09:44:30 -0300
3069;574;20.0;2021-01-22 21:29:52 -0300
3066;74;7.8;2021-01-21 21:11:14 -0300
3061;74;3.82;2021-01-20 20:05:16 -0300
3060;4;5.58;2021-01-20 20:05:16 -0300
3046;370;50.0;2021-01-20 16:07:00 -0300
3030;570;20.0;2021-01-15 12:53:40 -0300
3009;74;5.001;2021-01-14 08:04:03 -0300
3008;74;12.499500000000001;2021-01-14 08:04:03 -0300
3007;533;12.499500000000001;2021-01-14 08:04:03 -0300
3000;370;50.0;2021-01-13 19:12:34 -0300
2995;570;20.0;2021-01-13 11:22:24 -0300
2987;74;14.4969;2021-01-08 21:17:23 -0300
2986;74;24.999000000000002;2021-01-08 20:37:22 -0300
2985;74;5.001;2021-01-08 20:37:22 -0300
2978;74;2.5005;2021-01-08 20:05:53 -0300
2977;533;2.5005;2021-01-08 20:05:53 -0300
2967;73;5.001;2021-01-08 19:39:27 -0300
2966;73;24.999000000000002;2021-01-08 19:39:27 -0300
2956;74;17.82;2021-01-07 23:10:03 -0300
2949;74;5.001;2021-01-06 19:37:17 -0300
2944;569;30.0;2021-01-06 18:05:22 -0300
2943;370;50.0;2021-01-06 16:47:15 -0300
2935;533;5.001;2021-01-03 14:42:00 -0300
2934;73;24.999000000000002;2021-01-03 14:42:00 -0300
2921;4;1.0;2020-12-30 10:57:39 -0300
2903;73;24.999000000000002;2020-12-29 20:07:14 -0300
2881;370;50.0;2020-12-28 11:03:02 -0300
2866;533;4.724811000000001;2020-12-25 18:10:17 -0300
2865;74;0.16670000000000001;2020-12-25 18:10:17 -0300
2853;74;5.001;2020-12-23 23:08:27 -0300
2852;74;12.499500000000001;2020-12-23 23:08:26 -0300
2844;73;24.999000000000002;2020-12-23 21:20:36 -0300
2833;534;10.0;2020-12-23 17:57:43 -0300
2825;73;24.999000000000002;2020-12-22 22:33:27 -0300
2824;74;5.001;2020-12-22 22:33:27 -0300
2813;73;10.002;2020-12-22 22:10:45 -0300
2749;73;49.998000000000005;2020-12-21 21:57:46 -0300
2748;73;10.002;2020-12-21 21:57:46 -0300
2737;533;10.002;2020-12-21 21:33:40 -0300
2736;533;16.666;2020-12-21 21:33:39 -0300
2717;370;50.0;2020-12-21 10:42:32 -0300
2702;74;20.004;2020-12-19 15:20:55 -0300
2693;533;10.002;2020-12-18 23:35:03 -0300
2690;534;15.0;2020-12-18 23:13:15 -0300
2677;523;10.002;2020-12-18 22:42:21 -0300
2661;73;12.499500000000001;2020-12-18 22:08:59 -0300
2660;73;12.499500000000001;2020-12-18 22:08:59 -0300
2659;73;10.002;2020-12-18 22:08:59 -0300
2649;73;10.002;2020-12-18 21:42:37 -0300
2648;73;49.998000000000005;2020-12-18 21:42:37 -0300
2634;73;10.002;2020-12-18 21:20:54 -0300
2628;73;24.999000000000002;2020-12-18 20:33:03 -0300
2627;74;10.002;2020-12-18 20:33:02 -0300
2621;74;10.002;2020-12-18 20:06:55 -0300
2614;533;10.002;2020-12-18 19:41:18 -0300
2613;74;16.666;2020-12-18 19:41:18 -0300
2612;73;16.666;2020-12-18 19:41:18 -0300
2611;73;16.666;2020-12-18 19:41:18 -0300
2601;533;1.0;2020-12-18 17:48:50 -0300
2598;533;50.0;2020-12-18 17:45:25 -0300
2596;533;38.0;2020-12-18 17:43:55 -0300
2593;73;20.004;2020-12-18 15:10:29 -0300
2584;530;1.02;2020-12-18 00:08:00 -0300
2582;73;10.002;2020-12-17 23:00:37 -0300
2580;73;102.0;2020-12-17 22:47:38 -0300
2579;73;102.0;2020-12-17 22:47:06 -0300
2561;523;5.001;2020-12-17 22:07:15 -0300
2548;73;12.499500000000001;2020-12-17 21:35:00 -0300
2539;523;24.999000000000002;2020-12-17 20:39:10 -0300
2526;523;10.002;2020-12-16 23:23:24 -0300
2514;74;10.002;2020-12-16 21:33:05 -0300
2496;529;10.002;2020-12-15 21:29:13 -0300
2492;530;20.0;2020-12-15 19:31:47 -0300
2482;523;10.002;2020-12-14 22:29:33 -0300
2469;523;10.002;2020-12-14 20:11:35 -0300
2461;529;50.0;2020-12-13 15:10:15 -0300
2451;73;10.002;2020-12-12 22:25:21 -0300
2441;73;24.999000000000002;2020-12-12 21:53:33 -0300
2432;73;10.002;2020-12-12 21:18:11 -0300
2421;73;49.998000000000005;2020-12-12 20:51:07 -0300
2420;74;3.334;2020-12-12 20:51:07 -0300
2419;73;3.334;2020-12-12 20:51:07 -0300
2418;73;3.334;2020-12-12 20:51:07 -0300
2402;73;10.002;2020-12-12 20:29:33 -0300
2390;73;10.002;2020-12-12 20:05:24 -0300
2389;73;16.666;2020-12-12 20:05:24 -0300
2388;73;16.666;2020-12-12 20:05:24 -0300
2378;73;10.002;2020-12-12 19:41:10 -0300
2366;73;10.002;2020-12-12 19:10:37 -0300
2357;74;49.998000000000005;2020-12-12 12:41:34 -0300
2356;74;10.002;2020-12-12 12:41:34 -0300
2353;74;49.998000000000005;2020-12-12 12:22:25 -0300
2352;74;10.002;2020-12-12 12:22:25 -0300
2346;74;10.002;2020-12-12 11:56:14 -0300
2345;74;49.998000000000005;2020-12-12 11:56:14 -0300
2339;523;10.002;2020-12-11 23:15:33 -0300
2338;523;49.998000000000005;2020-12-11 23:15:32 -0300
2330;74;10.002;2020-12-11 22:53:00 -0300
2323;73;10.002;2020-12-11 22:20:32 -0300
2313;73;10.002;2020-12-11 21:56:47 -0300
2292;73;10.002;2020-12-11 21:22:49 -0300
2291;74;16.666;2020-12-11 21:22:49 -0300
2290;73;16.666;2020-12-11 21:22:49 -0300
2276;73;10.002;2020-12-11 20:59:49 -0300
2259;73;10.002;2020-12-11 20:30:33 -0300
2258;73;49.998000000000005;2020-12-11 20:30:33 -0300
2241;73;10.002;2020-12-11 20:08:25 -0300
2228;74;10.002;2020-12-11 19:23:56 -0300
2227;74;49.998000000000005;2020-12-11 19:23:56 -0300
2210;370;50.0;2020-12-11 10:12:38 -0300
2208;74;49.998000000000005;2020-12-10 23:51:13 -0300
2207;74;10.002;2020-12-10 23:51:13 -0300
2199;73;49.998000000000005;2020-12-10 23:14:58 -0300
2198;73;5.001;2020-12-10 23:14:58 -0300
2197;73;5.001;2020-12-10 23:14:58 -0300
2163;523;12.499500000000001;2020-12-10 21:33:10 -0300
2155;73;10.002;2020-12-10 20:57:53 -0300
2152;73;24.999000000000002;2020-12-10 20:25:54 -0300
2151;73;24.999000000000002;2020-12-10 20:25:54 -0300
2150;74;10.002;2020-12-10 20:25:54 -0300
2135;74;9.342;2020-12-10 12:23:59 -0300
2134;522;20.0;2020-12-10 07:20:14 -0300
2133;73;828.954;2020-12-09 23:29:27 -0300
2132;73;240.7914;2020-12-09 23:29:27 -0300
2131;74;10.002;2020-12-09 23:07:18 -0300
2118;73;10.002;2020-12-09 21:59:11 -0300
2117;74;49.998000000000005;2020-12-09 21:59:11 -0300
2105;523;10.002;2020-12-09 21:25:16 -0300
2099;522;20.0;2020-12-09 20:23:19 -0300
2087;74;10.002;2020-12-09 19:11:16 -0300
2086;74;49.998000000000005;2020-12-09 19:11:16 -0300
2077;74;10.002;2020-12-09 18:36:39 -0300
2069;74;16.666;2020-12-09 18:07:24 -0300
2068;74;16.666;2020-12-09 18:07:24 -0300
2067;74;5.001;2020-12-09 18:07:24 -0300
2057;523;20.004;2020-12-08 23:37:12 -0300
2047;73;20.004;2020-12-08 23:07:02 -0300
2039;74;99.99600000000001;2020-12-08 22:36:38 -0300
2031;74;20.004;2020-12-08 22:07:18 -0300
2015;523;10.002;2020-12-08 21:08:01 -0300
2006;523;49.998000000000005;2020-12-08 20:37:58 -0300
2005;74;20.004;2020-12-08 20:37:58 -0300
1997;74;49.998000000000005;2020-12-08 20:07:37 -0300
1989;74;99.99600000000001;2020-12-08 19:36:39 -0300
1978;523;10.002;2020-12-08 19:07:03 -0300
1957;523;550.0;2020-12-08 17:38:54 -0300
1951;73;14.898;2020-12-08 13:35:01 -0300
1940;73;50.0;2020-12-06 20:31:02 -0300
1939;73;20.0;2020-12-06 20:30:52 -0300
1938;73;10.0;2020-12-06 20:30:41 -0300
1937;73;5.0;2020-12-06 20:30:28 -0300
1934;522;50.0;2020-12-06 09:55:35 -0300
1925;74;5.5;2020-12-05 12:08:25 -0300
1811;515;8.211;2020-12-01 18:24:29 -0300
1810;370;50.0;2020-12-01 18:23:19 -0300
1808;515;22.0;2020-12-01 18:22:56 -0300
1804;73;200.0;2020-12-01 17:59:26 -0300
1802;515;50.0;2020-12-01 17:56:33 -0300
1799;515;100.0;2020-12-01 16:56:42 -0300
1794;74;100.0;2020-12-01 10:11:09 -0300
1758;73;209.17606223232;2020-11-30 00:12:42 -0300
1706;2;100.0;2020-11-29 20:33:49 -0300
1694;515;11.168999999999999;2020-11-29 13:46:50 -0300
1692;515;200.0;2020-11-29 12:15:48 -0300
1687;515;19.38;2020-11-28 23:17:22 -0300
1684;515;250.0;2020-11-28 18:28:14 -0300
1682;431;1100.0;2020-11-28 17:31:06 -0300
1680;515;129.0;2020-11-28 16:53:13 -0300
1677;515;1000.0;2020-11-28 16:39:39 -0300
1653;2;1.0;2020-11-27 18:27:07 -0300
1652;2;1.0;2020-11-27 18:26:58 -0300
1651;2;1.0;2020-11-27 18:26:48 -0300
1650;2;1.0;2020-11-27 18:26:38 -0300
1649;2;1.0;2020-11-27 18:26:26 -0300
1648;2;1.0;2020-11-27 18:26:15 -0300
1647;2;1.0;2020-11-27 18:26:02 -0300
1646;2;1.0;2020-11-27 18:25:50 -0300
1642;74;1.0;2020-11-27 16:55:04 -0300
1639;2;100.0;2020-11-27 14:04:26 -0300
1627;515;190.0;2020-11-26 16:48:26 -0300
1599;515;100.4;2020-11-25 21:10:08 -0300
1590;4;19.0;2020-11-25 10:19:10 -0300
1589;4;1000.0;2020-11-25 10:18:59 -0300
1588;4;1.0;2020-11-25 10:18:49 -0300
1587;4;1000.0;2020-11-25 10:18:24 -0300
1586;4;100.0;2020-11-25 10:18:14 -0300
1585;4;100.0;2020-11-25 10:18:05 -0300
1584;4;100.0;2020-11-25 10:17:55 -0300
1583;4;10.0;2020-11-25 10:17:46 -0300
1582;4;1.0;2020-11-25 10:17:22 -0300
1581;4;1.0;2020-11-25 10:16:55 -0300
1580;4;1.0;2020-11-25 10:16:51 -0300
1579;4;1.0;2020-11-25 10:16:32 -0300
1550;515;107.0;2020-11-24 21:22:58 -0300
1533;515;1431.9;2020-11-24 19:05:33 -0300
1532;515;885.988125;2020-11-24 19:05:33 -0300
1531;431;1100.0;2020-11-24 17:00:00 -0300
1529;515;300.0;2020-11-24 16:11:06 -0300
1523;515;50.0;2020-11-24 15:09:21 -0300
1520;515;500.0;2020-11-24 13:40:07 -0300
1518;515;500.0;2020-11-24 13:38:02 -0300
1515;73;5000.0;2020-11-24 13:04:56 -0300
1507;370;50.0;2020-11-23 13:45:41 -0300
1504;495;2.499;2020-11-23 08:49:44 -0300
1456;443;20.0;2020-11-13 19:07:11 -0300
1430;74;20000.0;2020-11-11 15:03:15 -0300
1424;370;50.0;2020-11-11 09:03:32 -0300
1422;431;10.0;2020-11-10 22:38:07 -0300
1421;431;100.0;2020-11-10 22:37:07 -0300
1407;495;12.9472;2020-11-07 19:11:46 -0300
1397;495;16.808;2020-11-03 19:13:10 -0300
1394;443;25.0;2020-11-03 07:44:36 -0300
1385;370;20.0;2020-11-01 11:34:59 -0300
1379;495;20.0;2020-10-31 10:55:09 -0300
1362;370;20.0;2020-10-27 11:13:25 -0300
1354;74;2.0;2020-10-25 10:08:25 -0300
1349;203;100.0;2020-10-16 16:30:00 -0300
1336;449;6.63;2020-10-10 12:48:23 -0300
1290;4;21.87;2020-10-05 22:07:45 -0300
1265;449;34.1946;2020-10-03 23:13:01 -0300
1258;449;20.0;2020-10-02 14:29:06 -0300
1251;454;20.0;2020-10-01 12:33:22 -0300
1250;454;20.0;2020-10-01 12:14:40 -0300
1246;449;52.5;2020-09-30 23:34:14 -0300
1243;453;20.0;2020-09-30 18:59:56 -0300
1239;449;103.5;2020-09-29 22:51:56 -0300
1233;449;20.0;2020-09-28 17:01:20 -0300
1231;4;30.0;2020-09-24 18:17:10 -0300
1230;4;1000.0;2020-09-24 18:16:58 -0300
1215;4;1000.0;2020-09-14 20:57:22 -0300
1214;444;50.0;2020-09-12 22:18:11 -0300
1081;4;6.45;2020-09-04 23:34:10 -0300
1075;74;1000.0;2020-09-03 11:04:40 -0300
891;4;500.0;2020-08-27 09:50:28 -0300
890;4;500.0;2020-08-27 09:50:22 -0300
889;4;500.0;2020-08-27 09:50:02 -0300
888;4;500.0;2020-08-27 09:49:51 -0300
887;4;500.0;2020-08-27 09:49:34 -0300
886;4;25.0;2020-08-27 09:49:23 -0300
885;4;25.0;2020-08-27 09:49:03 -0300
884;4;25.0;2020-08-27 09:48:57 -0300
883;4;25.0;2020-08-27 09:48:52 -0300
882;4;25.0;2020-08-27 09:48:41 -0300
881;4;25.0;2020-08-27 09:48:17 -0300
880;4;10.0;2020-08-27 09:48:07 -0300
879;4;15.0;2020-08-27 09:47:51 -0300
878;4;25.0;2020-08-26 22:23:25 -0300
877;4;25.0;2020-08-26 22:23:20 -0300
876;4;25.0;2020-08-26 22:23:02 -0300
875;4;25.0;2020-08-26 22:22:59 -0300
874;4;25.0;2020-08-26 22:22:51 -0300
873;4;25.0;2020-08-26 22:22:45 -0300
872;4;500.0;2020-08-26 22:22:17 -0300
871;4;500.0;2020-08-26 22:22:08 -0300
870;4;500.0;2020-08-26 22:21:53 -0300
869;4;500.0;2020-08-26 22:21:30 -0300
868;4;500.0;2020-08-26 22:21:13 -0300
859;4;500.0;2020-08-26 21:55:58 -0300
858;4;500.0;2020-08-26 21:55:40 -0300
857;4;500.0;2020-08-26 21:55:17 -0300
856;4;500.0;2020-08-26 21:54:45 -0300
855;4;500.0;2020-08-26 21:50:21 -0300
750;4;7.86;2020-08-05 23:23:25 -0300
748;4;100.0;2020-07-31 12:33:31 -0300
746;431;1200.0;2020-07-31 12:31:53 -0300
712;4;40.0;2020-07-24 17:26:42 -0300
710;393;4.08;2020-07-18 12:21:39 -0300
706;393;20.0;2020-07-16 23:21:58 -0300
696;393;30.0;2020-07-16 05:58:56 -0300
695;4;4.5;2020-07-15 23:12:07 -0300
689;393;30.0;2020-07-15 07:59:38 -0300
682;4;5.0;2020-07-06 12:56:49 -0300
680;389;10.0;2020-07-06 12:55:52 -0300
676;4;5.0;2020-06-29 21:00:32 -0300
660;335;112.284375;2020-06-18 12:35:48 -0300
652;335;7.0;2020-06-14 18:22:01 -0300
633;369;100.0;2020-06-09 17:39:02 -0300
624;369;10.0;2020-06-04 06:01:51 -0300
623;369;10.0;2020-06-03 20:11:30 -0300
622;369;10.0;2020-06-03 19:58:55 -0300
619;335;72.962;2020-05-25 00:12:36 -0300
614;335;111.9525;2020-05-24 15:01:42 -0300
608;335;126.27;2020-05-20 14:20:55 -0300
605;335;161.82;2020-05-19 15:07:39 -0300
595;335;98.4;2020-05-16 16:19:27 -0300
594;335;102.06;2020-05-16 16:13:13 -0300
588;335;120.6;2020-05-15 12:24:29 -0300
586;335;37.5;2020-05-14 23:06:39 -0300
585;335;2.0;2020-05-14 17:55:27 -0300
580;335;70.0;2020-05-13 14:10:20 -0300
546;335;20.0;2020-05-12 10:23:04 -0300
545;335;20.0;2020-05-12 10:16:27 -0300
544;335;20.0;2020-05-09 20:43:07 -0300
532;4;9.9;2020-04-17 11:51:37 -0300
